Asset Reference,Area,Item,Usage,Replacement Notes
"https://loremflickr.com/1000/700/trading,cards?lock=1001",Category,Trading Card Games,Category card and banner real-photo image,Remote photo URL used for prototype. Replace with licensed brand image or local file path for production.
"https://loremflickr.com/1000/700/boardgame,tabletop?lock=1002",Category,Board Games,Category card and banner real-photo image,Remote photo URL used for prototype. Replace with licensed brand image or local file path for production.
"https://loremflickr.com/1000/700/dice,roleplaying?lock=1003",Category,D&D / RPG,Category card and banner real-photo image,Remote photo URL used for prototype. Replace with licensed brand image or local file path for production.
"https://loremflickr.com/1000/700/miniature,figurine?lock=1004",Category,Miniatures,Category card and banner real-photo image,Remote photo URL used for prototype. Replace with licensed brand image or local file path for production.
"https://loremflickr.com/1000/700/dice,game,accessories?lock=1005",Category,Accessories,Category card and banner real-photo image,Remote photo URL used for prototype. Replace with licensed brand image or local file path for production.
"https://loremflickr.com/1000/700/tshirt,mug,merchandise?lock=1006",Category,Apparel / Merch,Category card and banner real-photo image,Remote photo URL used for prototype. Replace with licensed brand image or local file path for production.
"https://loremflickr.com/900/900/trading-cards,booster-pack?lock=67959",Product Catalog,Arcane Clash Booster Box,Product card and product detail image,Remote product-style photo URL used for prototype. Replace with licensed exact product image for production.
"https://loremflickr.com/900/900/trading-cards,booster-pack?lock=34057",Product Catalog,Mythic Realms Collector Boosters,Product card and product detail image,Remote product-style photo URL used for prototype. Replace with licensed exact product image for production.
"https://loremflickr.com/900/900/trading-cards,booster-pack?lock=55850",Product Catalog,Dragon Sigil Starter Deck,Product card and product detail image,Remote product-style photo URL used for prototype. Replace with licensed exact product image for production.
"https://loremflickr.com/900/900/trading-cards,booster-pack?lock=63875",Product Catalog,Planar Rift Commander Deck,Product card and product detail image,Remote product-style photo URL used for prototype. Replace with licensed exact product image for production.
"https://loremflickr.com/900/900/trading-cards,booster-pack?lock=82583",Product Catalog,Ember Nexus Play Bundle,Product card and product detail image,Remote product-style photo URL used for prototype. Replace with licensed exact product image for production.
"https://loremflickr.com/900/900/trading-cards,booster-pack?lock=30303",Product Catalog,Celestial Forge Draft Kit,Product card and product detail image,Remote product-style photo URL used for prototype. Replace with licensed exact product image for production.
"https://loremflickr.com/900/900/trading-cards,booster-pack?lock=27481",Product Catalog,Echoes of Avalon Preorder Pack,Product card and product detail image,Remote product-style photo URL used for prototype. Replace with licensed exact product image for production.
"https://loremflickr.com/900/900/trading-cards,booster-pack?lock=66797",Product Catalog,Spellbound Legends Booster Bundle,Product card and product detail image,Remote product-style photo URL used for prototype. Replace with licensed exact product image for production.
"https://loremflickr.com/900/900/trading-cards,booster-pack?lock=24567",Product Catalog,Prism Shard Rival Deck,Product card and product detail image,Remote product-style photo URL used for prototype. Replace with licensed exact product image for production.
"https://loremflickr.com/900/900/trading-cards,booster-pack?lock=73205",Product Catalog,Titanfall Tactics Duel Set,Product card and product detail image,Remote product-style photo URL used for prototype. Replace with licensed exact product image for production.
"https://loremflickr.com/900/900/trading-cards,booster-pack?lock=28504",Product Catalog,Mystic Vault Champion Box,Product card and product detail image,Remote product-style photo URL used for prototype. Replace with licensed exact product image for production.
"https://loremflickr.com/900/900/trading-cards,booster-pack?lock=58234",Product Catalog,Runebound Rivals Upgrade Kit,Product card and product detail image,Remote product-style photo URL used for prototype. Replace with licensed exact product image for production.
"https://loremflickr.com/900/900/trading-cards,booster-pack?lock=85229",Product Catalog,Sunspire Heroes Jumpstart Pack,Product card and product detail image,Remote product-style photo URL used for prototype. Replace with licensed exact product image for production.
"https://loremflickr.com/900/900/trading-cards,booster-pack?lock=68071",Product Catalog,Nightveil Nemesis Collector Tin,Product card and product detail image,Remote product-style photo URL used for prototype. Replace with licensed exact product image for production.
"https://loremflickr.com/900/900/trading-cards,booster-pack?lock=43307",Product Catalog,Astral Bloom Premium Deck,Product card and product detail image,Remote product-style photo URL used for prototype. Replace with licensed exact product image for production.
"https://loremflickr.com/900/900/board-game,tabletop-game?lock=12121",Product Catalog,Castle of Cinders,Product card and product detail image,Remote product-style photo URL used for prototype. Replace with licensed exact product image for production.
"https://loremflickr.com/900/900/board-game,tabletop-game?lock=40661",Product Catalog,Clockwork Bazaar,Product card and product detail image,Remote product-style photo URL used for prototype. Replace with licensed exact product image for production.
"https://loremflickr.com/900/900/board-game,tabletop-game?lock=55823",Product Catalog,Thieves of Moonport,Product card and product detail image,Remote product-style photo URL used for prototype. Replace with licensed exact product image for production.
"https://loremflickr.com/900/900/board-game,tabletop-game?lock=57367",Product Catalog,Lanternwood Trails,Product card and product detail image,Remote product-style photo URL used for prototype. Replace with licensed exact product image for production.
"https://loremflickr.com/900/900/board-game,tabletop-game?lock=66559",Product Catalog,Siege of Starfall Keep,Product card and product detail image,Remote product-style photo URL used for prototype. Replace with licensed exact product image for production.
"https://loremflickr.com/900/900/board-game,tabletop-game?lock=39029",Product Catalog,Garden of Golems,Product card and product detail image,Remote product-style photo URL used for prototype. Replace with licensed exact product image for production.
"https://loremflickr.com/900/900/board-game,tabletop-game?lock=45580",Product Catalog,Crown & Compass,Product card and product detail image,Remote product-style photo URL used for prototype. Replace with licensed exact product image for production.
"https://loremflickr.com/900/900/board-game,tabletop-game?lock=74997",Product Catalog,Frost Market,Product card and product detail image,Remote product-style photo URL used for prototype. Replace with licensed exact product image for production.
"https://loremflickr.com/900/900/board-game,tabletop-game?lock=46532",Product Catalog,Guildmasters at Dusk,Product card and product detail image,Remote product-style photo URL used for prototype. Replace with licensed exact product image for production.
"https://loremflickr.com/900/900/board-game,tabletop-game?lock=67382",Product Catalog,Harbor of Whispers,Product card and product detail image,Remote product-style photo URL used for prototype. Replace with licensed exact product image for production.
"https://loremflickr.com/900/900/board-game,tabletop-game?lock=71767",Product Catalog,The Last Cartographer,Product card and product detail image,Remote product-style photo URL used for prototype. Replace with licensed exact product image for production.
"https://loremflickr.com/900/900/board-game,tabletop-game?lock=72974",Product Catalog,Tea & Tactics,Product card and product detail image,Remote product-style photo URL used for prototype. Replace with licensed exact product image for production.
"https://loremflickr.com/900/900/board-game,tabletop-game?lock=85526",Product Catalog,Crypts of Candlemere,Product card and product detail image,Remote product-style photo URL used for prototype. Replace with licensed exact product image for production.
"https://loremflickr.com/900/900/board-game,tabletop-game?lock=49292",Product Catalog,Festival of Foxes,Product card and product detail image,Remote product-style photo URL used for prototype. Replace with licensed exact product image for production.
"https://loremflickr.com/900/900/board-game,tabletop-game?lock=52436",Product Catalog,Banners Over Briar Glen,Product card and product detail image,Remote product-style photo URL used for prototype. Replace with licensed exact product image for production.
"https://loremflickr.com/900/900/dice,rpg,tabletop?lock=63649",Product Catalog,Vaultmaster's Guide to Adventures,Product card and product detail image,Remote product-style photo URL used for prototype. Replace with licensed exact product image for production.
"https://loremflickr.com/900/900/dice,rpg,tabletop?lock=71004",Product Catalog,Caverns of the Ember King,Product card and product detail image,Remote product-style photo URL used for prototype. Replace with licensed exact product image for production.
"https://loremflickr.com/900/900/dice,rpg,tabletop?lock=56132",Product Catalog,Dice of the Deep Wilds,Product card and product detail image,Remote product-style photo URL used for prototype. Replace with licensed exact product image for production.
"https://loremflickr.com/900/900/dice,rpg,tabletop?lock=26408",Product Catalog,Legends of Moonhollow Campaign Book,Product card and product detail image,Remote product-style photo URL used for prototype. Replace with licensed exact product image for production.
"https://loremflickr.com/900/900/dice,rpg,tabletop?lock=22180",Product Catalog,Shadowmere Monster Folio,Product card and product detail image,Remote product-style photo URL used for prototype. Replace with licensed exact product image for production.
"https://loremflickr.com/900/900/dice,rpg,tabletop?lock=41644",Product Catalog,The Silver Spire One-Shot Kit,Product card and product detail image,Remote product-style photo URL used for prototype. Replace with licensed exact product image for production.
"https://loremflickr.com/900/900/dice,rpg,tabletop?lock=44582",Product Catalog,Map Pack: Roads of Ravenfell,Product card and product detail image,Remote product-style photo URL used for prototype. Replace with licensed exact product image for production.
"https://loremflickr.com/900/900/dice,rpg,tabletop?lock=46191",Product Catalog,Hero's Journal Set,Product card and product detail image,Remote product-style photo URL used for prototype. Replace with licensed exact product image for production.
"https://loremflickr.com/900/900/dice,rpg,tabletop?lock=84056",Product Catalog,Tome of Arcane Trials,Product card and product detail image,Remote product-style photo URL used for prototype. Replace with licensed exact product image for production.
"https://loremflickr.com/900/900/dice,rpg,tabletop?lock=71468",Product Catalog,Quest Cards for Tavern Encounters,Product card and product detail image,Remote product-style photo URL used for prototype. Replace with licensed exact product image for production.
"https://loremflickr.com/900/900/dice,rpg,tabletop?lock=89204",Product Catalog,Dungeon Tiles: Ruins & Rivers,Product card and product detail image,Remote product-style photo URL used for prototype. Replace with licensed exact product image for production.
"https://loremflickr.com/900/900/dice,rpg,tabletop?lock=12108",Product Catalog,Mystic Conditions Token Pack,Product card and product detail image,Remote product-style photo URL used for prototype. Replace with licensed exact product image for production.
"https://loremflickr.com/900/900/dice,rpg,tabletop?lock=11196",Product Catalog,Dragonfire DM Screen,Product card and product detail image,Remote product-style photo URL used for prototype. Replace with licensed exact product image for production.
"https://loremflickr.com/900/900/dice,rpg,tabletop?lock=76979",Product Catalog,The Witchwood Starter Campaign,Product card and product detail image,Remote product-style photo URL used for prototype. Replace with licensed exact product image for production.
"https://loremflickr.com/900/900/dice,rpg,tabletop?lock=16788",Product Catalog,Spellcaster Reference Deck,Product card and product detail image,Remote product-style photo URL used for prototype. Replace with licensed exact product image for production.
"https://loremflickr.com/900/900/miniature,figurine,tabletop?lock=51362",Product Catalog,Stormguard Paladin Mini,Product card and product detail image,Remote product-style photo URL used for prototype. Replace with licensed exact product image for production.
"https://loremflickr.com/900/900/miniature,figurine,tabletop?lock=57298",Product Catalog,Goblin Market Warband,Product card and product detail image,Remote product-style photo URL used for prototype. Replace with licensed exact product image for production.
"https://loremflickr.com/900/900/miniature,figurine,tabletop?lock=71533",Product Catalog,Ancient Wyrm Display Mini,Product card and product detail image,Remote product-style photo URL used for prototype. Replace with licensed exact product image for production.
"https://loremflickr.com/900/900/miniature,figurine,tabletop?lock=30583",Product Catalog,Shadow Rogue Skirmish Set,Product card and product detail image,Remote product-style photo URL used for prototype. Replace with licensed exact product image for production.
"https://loremflickr.com/900/900/miniature,figurine,tabletop?lock=59124",Product Catalog,Crystal Golem Resin Figure,Product card and product detail image,Remote product-style photo URL used for prototype. Replace with licensed exact product image for production.
"https://loremflickr.com/900/900/miniature,figurine,tabletop?lock=35273",Product Catalog,Moonblade Ranger Mini,Product card and product detail image,Remote product-style photo URL used for prototype. Replace with licensed exact product image for production.
"https://loremflickr.com/900/900/miniature,figurine,tabletop?lock=76192",Product Catalog,Necromancer's Court Squad,Product card and product detail image,Remote product-style photo URL used for prototype. Replace with licensed exact product image for production.
"https://loremflickr.com/900/900/miniature,figurine,tabletop?lock=19302",Product Catalog,Sunforge Knight Captain,Product card and product detail image,Remote product-style photo URL used for prototype. Replace with licensed exact product image for production.
"https://loremflickr.com/900/900/miniature,figurine,tabletop?lock=23983",Product Catalog,Forest Spirit Encounter Pack,Product card and product detail image,Remote product-style photo URL used for prototype. Replace with licensed exact product image for production.
"https://loremflickr.com/900/900/miniature,figurine,tabletop?lock=42908",Product Catalog,Ironclad Dwarf Defenders,Product card and product detail image,Remote product-style photo URL used for prototype. Replace with licensed exact product image for production.
"https://loremflickr.com/900/900/miniature,figurine,tabletop?lock=10781",Product Catalog,Riftwalker Mage Figure,Product card and product detail image,Remote product-style photo URL used for prototype. Replace with licensed exact product image for production.
"https://loremflickr.com/900/900/miniature,figurine,tabletop?lock=84525",Product Catalog,Temple Guardians Elite Set,Product card and product detail image,Remote product-style photo URL used for prototype. Replace with licensed exact product image for production.
"https://loremflickr.com/900/900/miniature,figurine,tabletop?lock=77293",Product Catalog,Cursed Crypt Boss Mini,Product card and product detail image,Remote product-style photo URL used for prototype. Replace with licensed exact product image for production.
"https://loremflickr.com/900/900/miniature,figurine,tabletop?lock=59849",Product Catalog,Skyship Crew Model Pack,Product card and product detail image,Remote product-style photo URL used for prototype. Replace with licensed exact product image for production.
"https://loremflickr.com/900/900/miniature,figurine,tabletop?lock=11129",Product Catalog,Starborn Dragonling Mini,Product card and product detail image,Remote product-style photo URL used for prototype. Replace with licensed exact product image for production.
"https://loremflickr.com/900/900/dice,card-sleeves,playmat?lock=22938",Product Catalog,Merlin's Vault Premium Sleeves,Product card and product detail image,Remote product-style photo URL used for prototype. Replace with licensed exact product image for production.
"https://loremflickr.com/900/900/dice,card-sleeves,playmat?lock=46323",Product Catalog,Runebound Playmat,Product card and product detail image,Remote product-style photo URL used for prototype. Replace with licensed exact product image for production.
"https://loremflickr.com/900/900/dice,card-sleeves,playmat?lock=74590",Product Catalog,Arcane Deck Box,Product card and product detail image,Remote product-style photo URL used for prototype. Replace with licensed exact product image for production.
"https://loremflickr.com/900/900/dice,card-sleeves,playmat?lock=52341",Product Catalog,Questline Dice Tray,Product card and product detail image,Remote product-style photo URL used for prototype. Replace with licensed exact product image for production.
"https://loremflickr.com/900/900/dice,card-sleeves,playmat?lock=59233",Product Catalog,Mana Counter Tokens,Product card and product detail image,Remote product-style photo URL used for prototype. Replace with licensed exact product image for production.
"https://loremflickr.com/900/900/dice,card-sleeves,playmat?lock=25136",Product Catalog,Vault Logo Card Binder,Product card and product detail image,Remote product-style photo URL used for prototype. Replace with licensed exact product image for production.
"https://loremflickr.com/900/900/dice,card-sleeves,playmat?lock=11975",Product Catalog,Commander Life Pad,Product card and product detail image,Remote product-style photo URL used for prototype. Replace with licensed exact product image for production.
"https://loremflickr.com/900/900/dice,card-sleeves,playmat?lock=84037",Product Catalog,Dragon Sigil Storage Case,Product card and product detail image,Remote product-style photo URL used for prototype. Replace with licensed exact product image for production.
"https://loremflickr.com/900/900/dice,card-sleeves,playmat?lock=63229",Product Catalog,Mystic Acrylic Counters,Product card and product detail image,Remote product-style photo URL used for prototype. Replace with licensed exact product image for production.
"https://loremflickr.com/900/900/dice,card-sleeves,playmat?lock=33447",Product Catalog,Spellbook Notebook,Product card and product detail image,Remote product-style photo URL used for prototype. Replace with licensed exact product image for production.
"https://loremflickr.com/900/900/dice,card-sleeves,playmat?lock=18085",Product Catalog,Enchanted Pin Set,Product card and product detail image,Remote product-style photo URL used for prototype. Replace with licensed exact product image for production.
"https://loremflickr.com/900/900/dice,card-sleeves,playmat?lock=44660",Product Catalog,Tabletop Carry Tote,Product card and product detail image,Remote product-style photo URL used for prototype. Replace with licensed exact product image for production.
"https://loremflickr.com/900/900/dice,card-sleeves,playmat?lock=30951",Product Catalog,Rift Marker Set,Product card and product detail image,Remote product-style photo URL used for prototype. Replace with licensed exact product image for production.
"https://loremflickr.com/900/900/dice,card-sleeves,playmat?lock=35449",Product Catalog,Glass Gem Resource Pack,Product card and product detail image,Remote product-style photo URL used for prototype. Replace with licensed exact product image for production.
"https://loremflickr.com/900/900/dice,card-sleeves,playmat?lock=85682",Product Catalog,Vault Keeper Keychain,Product card and product detail image,Remote product-style photo URL used for prototype. Replace with licensed exact product image for production.
"https://loremflickr.com/900/900/tshirt,mug,merchandise?lock=41837",Product Catalog,Merlin's Vault Logo Tee,Product card and product detail image,Remote product-style photo URL used for prototype. Replace with licensed exact product image for production.
"https://loremflickr.com/900/900/tshirt,mug,merchandise?lock=61336",Product Catalog,Game Night Hoodie,Product card and product detail image,Remote product-style photo URL used for prototype. Replace with licensed exact product image for production.
"https://loremflickr.com/900/900/tshirt,mug,merchandise?lock=51070",Product Catalog,Arcane Ember Hat,Product card and product detail image,Remote product-style photo URL used for prototype. Replace with licensed exact product image for production.
"https://loremflickr.com/900/900/tshirt,mug,merchandise?lock=81363",Product Catalog,Vaultkeeper Zip Jacket,Product card and product detail image,Remote product-style photo URL used for prototype. Replace with licensed exact product image for production.
"https://loremflickr.com/900/900/tshirt,mug,merchandise?lock=15335",Product Catalog,Critical Hit Mug,Product card and product detail image,Remote product-style photo URL used for prototype. Replace with licensed exact product image for production.
"https://loremflickr.com/900/900/tshirt,mug,merchandise?lock=11212",Product Catalog,Dice Goblin Tote,Product card and product detail image,Remote product-style photo URL used for prototype. Replace with licensed exact product image for production.
"https://loremflickr.com/900/900/tshirt,mug,merchandise?lock=16550",Product Catalog,Midnight Mana Poster,Product card and product detail image,Remote product-style photo URL used for prototype. Replace with licensed exact product image for production.
"https://loremflickr.com/900/900/tshirt,mug,merchandise?lock=78364",Product Catalog,Dungeon Night Tee,Product card and product detail image,Remote product-style photo URL used for prototype. Replace with licensed exact product image for production.
"https://loremflickr.com/900/900/tshirt,mug,merchandise?lock=79401",Product Catalog,Spellcaster Crewneck,Product card and product detail image,Remote product-style photo URL used for prototype. Replace with licensed exact product image for production.
"https://loremflickr.com/900/900/tshirt,mug,merchandise?lock=32244",Product Catalog,Dragon Hoard Sticker Pack,Product card and product detail image,Remote product-style photo URL used for prototype. Replace with licensed exact product image for production.
"https://loremflickr.com/900/900/tshirt,mug,merchandise?lock=19975",Product Catalog,Commander Club Long Sleeve,Product card and product detail image,Remote product-style photo URL used for prototype. Replace with licensed exact product image for production.
"https://loremflickr.com/900/900/tshirt,mug,merchandise?lock=54521",Product Catalog,Vault Banner Wall Flag,Product card and product detail image,Remote product-style photo URL used for prototype. Replace with licensed exact product image for production.
"https://loremflickr.com/900/900/tshirt,mug,merchandise?lock=27632",Product Catalog,Mystic Realm Water Bottle,Product card and product detail image,Remote product-style photo URL used for prototype. Replace with licensed exact product image for production.
"https://loremflickr.com/900/900/tshirt,mug,merchandise?lock=68804",Product Catalog,Preorder Wizard Tee,Product card and product detail image,Remote product-style photo URL used for prototype. Replace with licensed exact product image for production.
"https://loremflickr.com/900/900/tshirt,mug,merchandise?lock=20296",Product Catalog,Mana Forge Beanie,Product card and product detail image,Remote product-style photo URL used for prototype. Replace with licensed exact product image for production.
"https://loremflickr.com/1000/650/dice,rpg,tabletop?lock=3001",Events,D&D Campaign Night,Event listing and event detail image,Remote event-style photo URL used for prototype. Replace with final event artwork if needed.
"https://loremflickr.com/1000/650/trading-cards,game-store?lock=3002",Events,Commander Night,Event listing and event detail image,Remote event-style photo URL used for prototype. Replace with final event artwork if needed.
"https://loremflickr.com/1000/650/boardgame,friends?lock=3003",Events,Learn to Play Night,Event listing and event detail image,Remote event-style photo URL used for prototype. Replace with final event artwork if needed.
"https://loremflickr.com/1000/650/board-game,tabletop?lock=3004",Events,Board Game Social,Event listing and event detail image,Remote event-style photo URL used for prototype. Replace with final event artwork if needed.
"https://loremflickr.com/1000/650/cards,game-store?lock=3005",Events,Prerelease Showdown,Event listing and event detail image,Remote event-style photo URL used for prototype. Replace with final event artwork if needed.